<?xml version="1.0" encoding="utf-8"?>
<ModMetaData>
	<name>RimXmas[1.0]</name>
	<author>tikubonn</author>
	<url>https://twitter.com/tikubonn</url>
	<description>when winter season night, "Universe Santa Claus Association" come your planet and drop xmas presents on your colony. xmas presents contains are food and drug. maybe this event is too rare. have a nice xmas. this mod support japanese and english :D

このMODは冬の夜に「宇宙サンタクロース協会」がクリスマスプレゼントを投下してくるイベントを追加します。冬の夜限定なので、おそらくイベント発生の確率は低いです。ポッドの中身は食料かドラッグ、その両方です。よいクリスマスを！
</description>
    <targetVersion>1.0.0</targetVersion>
</ModMetaData>
